codigo,Municipio,Consumo percapita,Perdas distribuicao,Producao,Consumo
2200053,Acauã,101.8,39.15,78.59,45.91
2200251,Alagoinha do Piauí,97,46.73,198.73,105.86
2200277,Alegrete do Piauí,40.2,0,56.5,56.5
2200459,Alvorada do Gurguéia,299.3,4,450,432
2200707,Anísio de Abreu,101.2,43.24,346.51,196.67
2200905,Aroazes,109.1,46.89,282.41,149.99
2200954,Aroeiras do Itaim,NA,NA,NA,NA
2201051,Assunção do Piauí,323.4,0,398.7,398.7
2201101,Avelino Lopes,107.5,48.19,578.37,286.85
2201556,Bela Vista do Piauí,NA,NA,NA,NA
2201572,Belém do Piauí,77.3,39.4,111.58,64.91
2201705,Bertolínia,127,44.4,361.5,201.01
2201739,Betânia do Piauí,NA,NA,NA,NA
2201804,Bocaina,121.8,46.33,169.43,90.94
2201903,Bom Jesus,157.6,45.41,1993.79,1088.37
2201929,Bonfim do Piauí,89.7,44.28,89.43,46.94
2201988,Brejo do Piauí,117.7,46.74,136.04,72.45
2202026,Buriti dos Montes,549.9,14.16,1314,1128
2202075,Cajazeiras do Piauí,NA,NA,NA,NA
2202091,Caldeirão Grande do Piauí,NA,NA,NA,NA
2202109,Campinas do Piauí,116.7,48.32,165.12,85.33
2202117,Campo Alegre do Fidalgo,NA,NA,NA,NA
2202133,Campo Grande do Piauí,95.7,45.77,169.26,91.79
2202251,Canavieira,124.8,37.66,137.1,85.47
2202307,Canto do Buriti,131.3,47.65,1147.07,600.45
2202455,Capitão Gervásio Oliveira,275.8,0,135.9,120.9
2202505,Caracol,87.5,48.67,193.18,99.16
2202554,Caridade do Piauí,79.8,42.66,105.55,60.52
2202604,Castelo do Piauí,103,48.67,902.82,463.4
2202752,Colônia do Gurguéia,109.6,47.32,171.71,90.45
2202778,Colônia do Piauí,115,46.79,235.89,125.52
2202802,Conceição do Canindé,124.5,48.56,248.26,127.7
2202851,Coronel José Dias,117.4,44.99,163.01,84.98
2203107,Cristino Castro,104.2,45.44,523.94,285.86
2203206,Curimatá,114.3,47.87,696,347.33
2203230,Currais,NA,NA,NA,NA
2203271,Curral Novo do Piauí,82.5,45.84,81.02,43.88
2203354,Dirceu Arcoverde,85.2,45.2,143.4,74.21
2203404,Dom Expedito Lopes,119.8,26.24,238.64,176.02
2203420,Domingos Mourão,117.2,48.54,92.3,47.5
2203453,Dom Inocêncio,NA,NA,NA,NA
2203602,Eliseu Martins,124.7,48.45,371.73,191.64
2203750,Fartura do Piauí,NA,NA,NA,NA
2203800,Flores do Piauí,125.9,34.09,153.08,100.9
2203859,Floresta do Piauí,NA,NA,NA,NA
2204154,Francisco Macedo,NA,NA,NA,NA
2204204,Francisco Santos,83.4,48.76,241.53,123.75
2204303,Fronteiras,108.2,34.53,514.78,323.54
2204352,Geminiano,NA,NA,NA,NA
2204550,Guaribas,99.7,47.91,136.2,70.95
2204709,Inhuma,112.1,42.78,614.95,351.85
2204808,Ipiranga do Piauí,98.6,48.04,417.14,216.76
2204907,Isaías Coelho,125.6,48.55,206.19,106.09
2205003,Itainópolis,129.5,47.61,285.66,149.66
2205102,Itaueira,112.9,46.38,537.98,288.44
2205151,Jacobina do Piauí,129.6,47.11,166.92,88.28
2205201,Jaicós,68.7,43.16,366.42,198.81
2205359,João Costa,421.5,40,1500,900
2205516,Juazeiro do Piauí,106.5,47.53,122.68,64.37
2205524,Júlio Borges,115.7,39.13,129.98,79.12
2205532,Jurema,104,49.07,155.01,78.94
2205565,Lagoa do Barro do Piauí,NA,NA,NA,NA
2205573,Lagoa de São Francisco,NA,NA,NA,NA
2205599,Lagoa do Sítio,NA,NA,NA,NA
2205904,Manoel Emídio,110.7,48.76,286.77,146.93
2205953,Marcolândia,NA,NA,NA,NA
2206050,Massapê do Piauí,NA,NA,NA,NA
2206357,Milton Brandão,80.7,0,140,140
2206506,Monsenhor Hipólito,94.3,26.28,177.59,130.92
2206654,Morro Cabeça no Tempo,NA,NA,NA,NA
2206704,Nazaré do Piauí,114.9,19.63,177.11,142.34
2206902,Novo Oriente do Piauí,124.1,37.56,270.17,168.7
2207009,Oeiras,113.8,46.88,1777.13,899.81
2207207,Padre Marcos,113.8,48.05,283.78,141.52
2207306,Paes Landim,118.5,47.96,225.07,117.13
2207355,Pajeú do Piauí,66.4,60,100,40
2207405,Palmeira do Piauí,91.4,45.48,98.5,53.7
2207553,Paquetá,137.1,40.19,53.7,32.12
2207777,Patos do Piauí,104.2,45.94,150.18,77.07
2207801,Paulistana,109.4,45.5,944.63,494.26
2207850,Pavussu,109,48.94,169.04,86.32
2207900,Pedro II,93.8,46.65,1633.91,863.92
2207934,Pedro Laurentino,NA,NA,NA,NA
2207959,Nova Santa Rita,122.8,44.22,66.67,37.19
2208007,Picos,125.9,37.03,4891.17,3079.92
2208106,Pimenteiras,112.7,48.58,430.75,221.51
2208205,Pio IX,107.9,40.09,435.63,250.56
2208304,Piracuruca,109.4,18.86,1124.89,876.27
2208650,Queimada Nova,NA,NA,NA,NA
2208700,Redenção do Gurguéia,NA,NA,NA,NA
2208874,Ribeira do Piauí,NA,NA,NA,NA
2209005,Rio Grande do Piauí,123.2,22.25,255.35,198.53
2209104,Santa Cruz do Piauí,108.9,48.51,344.6,177.45
2209153,Santa Cruz dos Milagres,107,17.04,181.77,150.8
2209302,Santa Luz,99.4,44.63,220.66,122.17
2209351,Santana do Piauí,123.9,45.55,160.02,87.13
2209377,Santa Rosa do Piauí,115.9,32.5,260.67,175.96
2209401,Santo Antônio de Lisboa,105.9,49.34,317.68,160.94
2209500,Santo Inácio do Piauí,121.5,35.16,181.37,117.6
2209559,São Braz do Piauí,74.9,47.02,19.82,9.69
2209658,São Francisco de Assis do Piauí,115,35.16,113.36,73.5
2209708,São Francisco do Piauí,100.1,19.63,100.73,80.96
2209856,São João da Canabrava,123,40.48,151.22,90
2209872,São João da Fronteira,NA,NA,NA,NA
2209906,São João da Serra,108.4,48.35,305.65,157.88
2209955,São João da Varjota,86.7,50,150,150
2210003,São João do Piauí,118.7,43.13,1247.26,676.36
2210052,São José do Divino,91.4,49.13,187.66,95.46
2210102,São José do Peixe,142.3,33.34,165.35,110.23
2210201,São José do Piauí,115.1,47.43,179.03,94.11
2210300,São Julião,127.4,37.66,326.56,196.72
2210359,São Lourenço do Piauí,109.2,43.3,106.17,57.5
2210375,São Luis do Piauí,121.7,43.07,68.01,38.72
2210391,São Miguel do Fidalgo,NA,NA,NA,NA
2210409,São Miguel do Tapuio,105.2,22.61,334.01,258.5
2210607,São Raimundo Nonato,116.4,47.89,2060.22,1032.98
2210631,Sebastião Leal,94.4,44.84,119.52,65.93
2210706,Simões,98,47.82,489.77,243.65
2210805,Simplício Mendes,114.3,44.15,595.12,332.38
2210904,Socorro do Piauí,97.7,39.07,118.38,72.13
2210938,Sussuapara,NA,NA,NA,NA
2210953,Tamboril do Piauí,NA,NA,NA,NA
2210979,Tanque do Piauí,NA,NA,NA,NA
2211308,Valença do Piauí,117.6,33.77,1102.95,730.52
2211357,Várzea Branca,93.5,42.33,81.3,44.09
2211506,Vera Mendes,NA,NA,NA,NA
2211605,Vila Nova do Piauí,NA,NA,NA,NA
2211704,Wall Ferraz,112.5,40.16,102.02,61.05
2300101,Abaiara,91.3,27.24,173.35,126.1
2300150,Acarapé,168.8,56.77,874.06,377.83
2300309,Acopiara,118.9,37.89,1316.12,817.37
2300408,Aiuaba,NA,NA,NA,NA
2300507,Alcântaras,80.8,21.93,99.68,77.65
2300606,Altaneira,101.9,25.81,216.5,160.34
2300705,Alto Santo,77.9,13.74,194.37,167.62
2300804,Antonina do Norte,127.6,41.14,358.46,210.56
2300903,Apuiarés,109.4,28.78,259.5,184.79
2301109,Aracati,143.3,42.2,3250.88,1877.57
2301208,Aracoiaba,200.7,54.9,1635.07,737.43
2301257,Ararendá,113.6,34.22,215.4,141.46
2301307,Araripe,89.2,29.94,405.08,283.78
2301406,Aratuba,83.3,15.48,120.83,102.13
2301505,Arneiroz,86.8,37.33,167.89,105.18
2301604,Assaré,104.3,47.6,733.21,384.21
2301703,Aurora,127.8,41.76,825.23,479.92
2301802,Baixio,91.1,24.97,146.4,109.82
2301851,Banabuiú,107.5,19.17,438.56,354.5
2301901,Barbalha,115.3,49.88,2890.91,1448.9
2301950,Barreira,176,4.04,483.52,463.97
2302008,Barro,110.5,35.5,703.03,453.13
2302107,Baturité,125.8,30.23,1413.73,986.41
2302404,Boa Viagem,71,25.68,1455,1010
2302503,Brejo Santo,NA,NA,NA,NA
2302701,Campos Sales,107,33.4,746.47,497.01
2302800,Canindé,89.2,0,1667.57,1667.57
2302909,Capistrano,112.9,21.52,254.44,199.69
2303006,Caridade,75.8,39.24,226.39,137.56
2303105,Cariré,112.8,36.89,402.59,254.08
2303204,Caririaçu,149.7,46.02,1556.22,840
2303303,Cariús,142.1,9.9,252.86,227.7
2303402,Carnaubal,164.1,27.75,568.57,410.8
2303600,Catarina,69.5,40.19,362.59,216.67
2303659,Catunda,77.8,2.32,142.64,139.3
2303709,Caucaia,112.9,53.79,21273.91,9829.76
2303808,Cedro,123.6,48.48,1075.19,553.11
2303931,Choró,122.1,31.51,187.9,128.7
2303956,Chorozinho,134,0,307.47,307.47
2304004,Coreaú,98.2,41.04,611.01,360.21
2304103,Crateús,101.4,33.4,2298.3,1529.76
2304202,Crato,151,22.97,9097.72,7007.76
2304236,Croatá,100.1,28.35,249.06,178.44
2304269,Deputado Irapuan Pinheiro,112.6,10.66,194.92,174.14
2304277,Ererê,121.5,23.43,170.6,130.6
2304301,Farias Brito,120.3,26.8,342.97,250.72
2304350,Forquilha,80.3,35.28,662.13,428.37
2304509,Frecheirinha,144.8,38.45,598.72,368.48
2304608,General Sampaio,98,29.77,199.51,139.93
2304657,Graça,98.9,5.04,202.2,191.31
2304806,Granjeiro,165.9,25.38,97.41,72.52
2304905,Groaíras,100.6,33.94,394.3,260.41
2305001,Guaraciaba do Norte,114.6,22.34,610.23,473.93
2305100,Guaramiranga,139,16.55,80.53,67.2
2305209,Hidrolândia,88.1,8.78,359.39,327.61
2305233,Horizonte,121.9,50.77,3930.93,1935.24
2305266,Ibaretama,NA,NA,NA,NA
2305308,Ibiapina,105.1,44.17,642.89,358.93
2305332,Ibicuitinga,170.7,24.07,436.23,330.85
2305357,Icapuí,442.3,1.34,3138,3096
2305407,Icó,186.8,35.07,5383,3369
2305506,Iguatu,135.5,38.75,7008,4204
2305605,Independência,97,15.63,404.68,341.16
2305654,Ipaporanga,NA,NA,NA,NA
2305704,Ipaumirim,96.7,2.18,221.98,217.13
2305803,Ipu,NA,NA,NA,NA
2305902,Ipueiras,NA,NA,NA,NA
2306009,Iracema,124.8,31.3,539.65,370.07
2306108,Irauçuba,28,51.28,190.99,92.91
2306207,Itaiçaba,144.3,30.21,178.14,124.28
2306306,Itapagé,99.2,6.07,1555.2,1404.49
2306405,Itapipoca,124.3,24.46,3441.25,2599.1
2306504,Itapiúna,131.7,45.23,662.83,362.95
2306603,Itatira,43.8,30.54,42.11,29.22
2306702,Jaguaretama,87.3,8.45,259.83,233.72
2306801,Jaguaribara,105.5,52.25,618.5,295.2
2306900,Jaguaribe,110.1,41.46,2374.75,1347.43
2307007,Jaguaruana,161.9,30.7,1180.98,818.29
2307106,Jardim,NA,NA,NA,NA
2307205,Jati,108.8,39.61,225.93,136.4
2307304,Juazeiro do Norte,120.3,51.22,19786.14,9646.43
2307403,Jucás,136.1,37.99,1514,914
2307502,Lavras da Mangabeira,126.1,37.41,1086.53,679.93
2307601,Limoeiro do Norte,218.7,12.99,5280.04,4593.96
2307635,Madalena,NA,NA,NA,NA
2307700,Maranguape,121.4,32.5,4629.36,3124.8
2308005,Massapê,134.7,31.13,1372,944.72
2308104,Mauriti,118.6,49.77,1286.24,645.94
2308203,Meruoca,93.1,29.07,175.13,123.99
2308302,Milagres,93.2,31.65,453.5,309.68
2308351,Milhã,NA,NA,NA,NA
2308377,Miraíma,103.6,31.43,298.89,204.68
2308401,Missão Velha,132.6,44.99,1049.05,576.93
2308500,Mombaça,103,41.07,934.08,550.4
2308609,Monsenhor Tabosa,90.7,16.95,335.21,278.34
2308708,Morada Nova,118,16.54,2960,2487
2309003,Mucambo,81,39.94,413.74,248.48
2309102,Mulungu,73.8,8.21,103.53,95.03
2309201,Nova Olinda,119.5,38.75,648.22,396.98
2309300,Nova Russas,NA,NA,NA,NA
2309409,Novo Oriente,112.9,35,680.77,442.04
2309458,Ocara,146.9,5.34,273.4,258.53
2309508,Orós,142.5,21.21,831.53,654.69
2309607,Pacajus,112.4,0.2,1631.1,1627.9
2309805,Pacoti,54.1,12.16,82.21,72.21
2309904,Pacujá,122.1,25.42,202.52,150.94
2310001,Palhano,183.8,36.11,346.7,221.33
2310100,Palmácia,56.6,3.3,84.23,81.22
2310308,Parambu,76.4,35.56,479.8,309.13
2310407,Paramoti,95.7,22.75,255.52,194.34
2310506,Pedra Branca,102.8,2.55,706,688
2310605,Penaforte,127.7,42.83,462.52,264.33
2310704,Pentecoste,124.9,24.84,1139.16,852
2310803,Pereiro,118.3,11.14,226.32,201.01
2310902,Piquet Carneiro,116.8,17.33,248.62,205.07
2310951,Pires Ferreira,108.8,57.41,210.86,89.8
2311009,Poranga,134.1,27.31,362.74,263.38
2311108,Porteiras,121.8,43.82,412.64,231.71
2311207,Potengi,90,35.08,258.55,167.75
2311231,Potiretama,99.1,30.96,126.16,86.88
2311264,Quiterianópolis,101.2,21.89,213.75,166.75
2311306,Quixadá,121.8,42.73,3768.43,2158.01
2311355,Quixelô,109.9,30.81,394,256
2311405,Quixeramobim,85.1,28.37,2927.05,1725.61
2311504,Quixeré,158.4,22.54,380.93,294.9
2311603,Redenção,156.4,26.37,939.65,690.42
2311702,Reriutaba,112.1,37.8,469.83,291.92
2311801,Russas,136.6,27.64,2697.52,1951.7
2311900,Saboeiro,131.9,37.28,330.8,207.34
2311959,Salitre,0,100,6.01,0
2312007,Santana do Acaraú,98.9,23.77,565.85,431.14
2312106,Santana do Cariri,130,49.55,449.94,226.97
2312205,Santa Quitéria,123.5,23.49,1094.87,837.44
2312304,São Benedito,113.5,0,826.82,826.82
2312502,São João do Jaguaribe,NA,NA,NA,NA
2312700,Senador Pompeu,111.5,51.34,926.51,450.84
2312908,Sobral,154.1,37.45,17869.51,11176.41
2313005,Solonópole,75.7,58.71,604.47,499.01
2313104,Tabuleiro do Norte,163.6,45.79,1749.45,948.42
2313203,Tamboril,102.5,22.09,467.9,363.28
2313252,Tarrafas,100.3,31.29,140.17,96.09
2313302,Tauá,87.3,41.03,1533.51,904.34
2313351,Tejuçuoca,68,26.35,156.47,115.19
2313401,Tianguá,125.4,51.04,3834.04,1876.8
2313609,Ubajara,128.5,37.33,976.52,612.01
2313708,Umari,99,10.74,101.79,90.85
2313757,Umirim,124.9,33.03,633.64,424.13
2313807,Uruburetama,121,52.61,1149.51,544.81
2313955,Varjota,116.1,NA,489.48,488.92
2314003,Várzea Alegre,104.5,29.25,1156.47,818.18
2400109,Acari,54.2,36.96,317.03,199.86
2400208,Açu,105.9,52.45,3734.17,1686.66
2400307,Afonso Bezerra,93.2,46.28,344.62,185.13
2400406,Água Nova,84,33.61,111.68,70.44
2400505,Alexandria,106.7,0,526.04,526.04
2400604,Almino Afonso,100.6,35.34,224.93,138.17
2400703,Alto do Rodrigues,122.5,53.37,996.66,441.51
2400802,Angicos,123.5,35.24,821.06,505.1
2400901,Antônio Martins,0,NA,0,0
2401008,Apodi,123.9,63.56,2657.13,968.35
2401107,Areia Branca,130.4,26.75,1476.56,1081.54
2401305,Augusto Severo,94.8,25.99,267.93,188.38
2401453,Baraúna,109.5,37.33,1130.87,708.77
2401503,Barcelona,89.4,67.3,390.34,127.64
2401602,Bento Fernandes,113.5,79.48,530.96,108.95
2401651,Bodó,118.1,51.15,143.81,70.25
2401701,Bom Jesus,129.6,71.49,1445.29,411.99
2401800,Brejinho,155.1,55.07,824.44,505.26
2401859,Caiçara do Norte,88.3,63.34,420.58,154.2
2401909,Caiçara do Rio do Vento,171.5,23.36,236.37,175.12
2402006,Caicó,101.5,27.25,3267.64,2377.26
2402105,Campo Redondo,85.6,17.13,214.07,177.39
2402303,Caraúbas,112.8,50.37,1291.66,641.07
2402402,Carnaúba dos Dantas,0,NA,0,0
2402501,Carnaubais,105.5,75.78,519.33,119.48
2402709,Cerro Corá,92,22,358.11,265.36
2402808,Coronel Ezequiel,82.2,15.7,88.22,74.37
2402907,Coronel João Pessoa,104.1,22.32,86.48,63.82
2403004,Cruzeta,94.8,52.46,549.56,248.2
2403103,Currais Novos,66,20.52,1161.34,923.09
2403202,Doutor Severiano,60.6,8.43,102.5,91.81
2403301,Encanto,143.2,31.16,223.03,145.86
2403400,Equador,85.7,19.89,192.64,148.38
2403707,Felipe Guerra,96,80.94,626.91,119.46
2403756,Fernando Pedroza,156.3,24.45,213.36,161.2
2403806,Florânia,86.5,19.03,304.25,246.36
2403905,Francisco Dantas,99.3,49.21,132.95,64.15
2404002,Frutuoso Gomes,72,55.52,183.46,77.53
2404101,Galinhos,NA,NA,NA,NA
2404309,Governador Dix-Sept Rosado,101.2,47.76,428.12,223.67
2404408,Grossos,131.8,44.61,670.99,371.63
2404507,Guamaré,101.2,20.4,464.62,351.36
2404606,Ielmo Marinho,101.4,73.74,263.02,69.08
2404705,Ipanguaçu,92.7,63.45,364.68,133.3
2404804,Ipueira,109.5,21.73,113.45,84.36
2404853,Itajá,NA,NA,NA,NA
2404903,Itaú,94.9,62.11,494.87,178.11
2405009,Jaçanã,84.4,22.55,153.72,119.05
2405108,Jandaíra,88.6,40.84,185.27,109.61
2405207,Janduís,71.4,14.62,136.12,116.22
2405306,Januário Cicco,140.4,40.41,355.27,211.71
2405405,Japi,97.6,27.92,193.38,139.38
2405504,Jardim de Angicos,90.1,39.37,81.92,47.18
2405603,Jardim de Piranhas,73,55.25,703.4,299.01
2405702,Jardim do Seridó,77,39.54,539.05,309.64
2405801,João Câmara,106.9,58.73,2452.22,1012.1
2405900,João Dias,0,NA,0,0
2406007,José da Penha,95.9,35.28,211.55,130.06
2406106,Jucurutu,95,23.14,614.15,448.43
2406205,Lagoa d Anta,87.1,43.94,273.81,153.5
2406304,Lagoa de Pedras,92,43.5,245.79,138.88
2406403,Lagoa de Velhos,106,64.15,298.04,106.84
2406502,Lagoa Nova,116,7.92,521.52,480.24
2406601,Lagoa Salgada,92.6,8.58,233.47,213.43
2406700,Lajes,100.4,32.16,512.49,332.21
2406809,Lajes Pintadas,90.2,29.96,115.69,81.03
2406908,Lucrécia,91,63.58,241.01,83.38
2407005,Luís Gomes,0,NA,0,0
2407104,Macaíba,92.7,62.48,3908.38,1466.44
2407203,Macau,99.8,57.28,2180.83,885.15
2407252,Major Sales,NA,NA,NA,NA
2407302,Marcelino Vieira,110.6,20.51,295.99,223.53
2407401,Martins,95.7,41.12,389.15,217.68
2407609,Messias Targino,42.7,62.4,107.17,40.3
2407807,Monte Alegre,94.2,40.22,1013.51,605.83
2407906,Monte das Gameleiras,84.6,51.81,116.71,56.24
2408003,Mossoró,113.5,56.41,25453.2,10985.17
2408300,Nova Cruz,98.3,22,1354.58,1056.57
2408409,Olho-D ÁGUA do Borges,100.7,44.99,204.46,112.48
2408508,Ouro Branco,80.4,11.76,124.02,109.44
2408607,Paraná,52.2,51.16,116.15,53.89
2408706,Paraú,83.4,27.74,158.64,108.91
2408805,Parazinho,84.4,62.3,280.61,105.79
2408904,Parelhas,97.1,35.75,1101.78,672.46
2409100,Passa e Fica,81.1,30.98,364.7,251.7
2409209,Passagem,106.7,44.79,105.11,58.03
2409308,Patu,94,87.38,124.08,14.88
2409332,Santa Maria,101.6,29.8,179.88,126.28
2409407,Pau dos Ferros,93.2,32.43,1518.65,974.89
2409506,Pedra Grande,119.9,81.44,377.29,70.03
2409605,Pedra Preta,156.7,NA,62.98,62.39
2409704,Pedro Avelino,106.9,37.13,293.13,175.08
2409902,Pendências,125.1,56.14,1101.75,460.03
2410009,Pilões,21.3,68.29,76.18,23.17
2410108,Poço Branco,85.8,65.79,1199.19,410.22
2410207,Portalegre,93.3,44.59,278,154.04
2410256,Porto do Mangue,100.1,39.26,116.11,70.52
2410306,Presidente Juscelino,93.2,37.41,500.69,313.38
2410405,Pureza,97.4,82.61,727.23,126.45
2410504,Rafael Fernandes,63.4,35.22,106.1,68.73
2410603,Rafael Godeiro,223.6,NA,167.44,167.44
2410702,Riacho da Cruz,86.7,53.02,140.79,62.83
2410801,Riacho de Santana,29.1,49.49,33.38,16.86
2410900,Riachuelo,112.2,48.41,437.19,214.26
2411007,Rodolfo Fernandes,91,42.79,247.93,138.3
2411056,Tibau,159.1,64.49,577.94,205.22
2411106,Ruy Barbosa,127.9,35.38,142.86,92.32
2411205,Santa Cruz,154.8,54.59,2050,1862
2411403,Santana do Matos,100.5,24.78,379.67,271.3
2411429,Santana do Seridó,80,36.42,76.64,48.73
2411502,Santo Antônio,76.7,63.58,1105.67,402.66
2411601,São Bento do Norte,95.8,66.23,242.44,81.88
2411700,São Bento do Trairí,87.5,37.89,123.34,76.61
2411809,São Fernando,101.2,25.04,131.89,98.87
2411908,São Francisco do Oeste,73.8,19.38,106.16,85.59
2412104,São João do Sabugi,114.1,49.54,458.8,219.95
2412302,São José do Campestre,77.3,52.66,655.82,310.46
2412401,São José do Seridó,77.4,20.54,109.9,87.33
2412500,São Miguel,0,NA,0,0
2412559,São Miguel do Gostoso,72.6,64.28,76.88,27.46
2412609,São Paulo do Potengi,104.8,40.05,895.62,536.95
2412708,São Pedro,107.4,57.56,347.41,147.45
2412807,São Rafael,84.3,66.78,616.17,194.46
2412906,São Tomé,99.6,52.03,574.72,275.71
2413003,São Vicente,90.5,2.62,192.15,187.12
2413102,Senador Elói de Souza,98.3,49.36,385.65,195.31
2413300,Serra de São Bento,89.3,72.27,425.45,117.96
2413359,Serra do Mel,39,97.58,356.68,8.63
2413409,Serra Negra do Norte,117.2,18.47,341.1,278.1
2413508,Serrinha,114,NA,43.04,164.6
2413557,Serrinha dos Pintos,110.2,18.08,145.74,113.42
2413607,Severiano Melo,128,74,718.67,186.1
2413706,Sítio Novo,93.4,28.03,135.02,97.17
2413805,Taboleiro Grande,111.4,37.25,118.06,72.23
2413904,Taipu,99.9,59.05,691.21,283.04
2414001,Tangará,105.6,43.52,927.37,523.78
2414100,Tenente Ananias,8.1,43.5,42.2,22.65
2414159,Tenente Laurentino Cruz,107.1,49.4,408.99,206.95
2414308,Timbaúba dos Batistas,76,46.58,108.6,58.01
2414407,Touros,89.9,67.38,230.91,75.33
2414456,Triunfo Potiguar,82.4,57.25,230.9,93.78
2414506,Umarizal,91.8,51.21,693.25,321.32
2414605,Upanema,119.3,8.56,365.35,334.07
2414704,Várzea,92.4,10.91,183.27,163.27
2414753,Venha-Ver,128.7,29.26,88.18,59.26
2414803,Vera Cruz,115.8,47.16,899.45,475.23
2414902,Viçosa,108.1,25.82,93.39,65.81
2500106,Água Branca,86.1,42.11,251.4,138.27
2500205,Aguiar,97.9,31.26,184.77,120.66
2500536,Alcantil,108.6,2.27,0,215
2500577,Algodão de Jandaíra,NA,NA,0,0
2500700,São João do Rio do Peixe,NA,NA,0,0
2500734,Amparo,114.8,15.84,78.53,62.78
2500775,Aparecida,99.1,43.5,323.18,173.46
2500908,Arara,62.6,16.81,285.62,237.6
2501005,Araruna,31.3,6.9,143.44,126.87
2501153,Areia de Baraúnas,84.5,19.19,38.66,29.68
2501203,Areial,0,NA,0,0
2501302,Aroeiras,NA,NA,0,0
2501351,Assunção,NA,NA,NA,NA
2501500,Bananeiras,26.7,29.42,76.67,51.41
2501534,Baraúna,NA,NA,NA,NA
2501575,Barra de Santana,107.6,63.51,102.07,35.38
2501609,Barra de Santa Rosa,81.2,27.34,411.34,283.95
2501708,Barra de São Miguel,NA,NA,0,0
2502003,Belém do Brejo do Cruz,84.6,42.7,277.75,151.18
2502052,Bernardino Batista,0,NA,0,0
2502102,Boa Ventura,47.4,46.52,140.13,74.94
2502151,Boa Vista,99.1,25.66,248.06,175.2
2502201,Bom Jesus,96.8,40.67,111.11,62.62
2502300,Bom Sucesso,87.1,5.53,78.61,71.03
2502409,Bonito de Santa Fé,76.5,49.23,514.73,248.28
2502508,Boqueirão,87.2,55.88,857.77,359.53
2502607,Igaracy,75.5,69.59,454.73,131.35
2502805,Brejo do Cruz,105.9,28.35,574.46,388.72
2502904,Brejo dos Santos,83.2,20.91,205.45,154.37
2503100,Cabaceiras,92.4,47.4,166.65,83.27
2503308,Cachoeira dos Índios,77.7,33.55,176.62,111.5
2503407,Cacimba de Areia,83.4,49.82,118.57,56.52
2503506,Cacimba de Dentro,23.5,34.33,159.22,99.33
2503555,Cacimbas,0,NA,0,0
2503605,Caiçara,47,48.74,204.89,99.77
2503704,Cajazeiras,92.1,35.43,3394.71,2055.01
2503753,Cajazeirinhas,96.1,32.79,83.23,53.14
2503902,Camalaú,87.5,42.34,257.77,141.21
2504009,Campina Grande,104.7,30.69,23442.3,15434.99
2504074,Caraúbas,77.6,32.29,86.79,55.83
2504108,Carrapateira,0,NA,0,0
2504157,Casserengue,65.2,20.07,96.3,76.97
2504207,Catingueira,79.8,59.28,245.8,95.09
2504306,Catolé do Rocha,103.1,39.01,1465.58,837.96
2504355,Caturité,101.8,42.51,131.79,71.98
2504405,Conceição,92.8,43.1,815.46,434.98
2504504,Condado,88.7,39.4,342.32,197.07
2504702,Congo,90.1,50.66,300.11,140.66
2504801,Coremas,NA,NA,NA,NA
2504850,Coxixola,98.1,42.75,67.56,36.74
2505006,Cubati,83.5,25.08,242.88,172.87
2505105,Cuité,0,NA,0,0
2505303,Curral Velho,NA,NA,NA,NA
2505352,Damião,NA,NA,0,0
2505402,Desterro,0,NA,0,0
2505501,Vista Serrana,80.7,58.39,197.04,81.98
2505600,Diamante,42.1,42.11,117.61,68.08
2505709,Dona Inês,NA,NA,0,0
2505907,Emas,67.2,49.55,118.89,56.98
2506004,Esperança,13,13.38,116.41,99.74
2506103,Fagundes,91,39.86,348.59,199.16
2506202,Frei Martinho,96.4,33.86,115.51,76.4
2506251,Gado Bravo,NA,NA,0,0
2506509,Gurjão,83,10.73,88.8,75.31
2506608,Ibiara,94.3,52.49,310.2,140.01
2506707,Imaculada,76,10.35,158.24,134.77
2506806,Ingá,101.9,20.71,618.69,466.05
2506905,Itabaiana,120.9,51.73,1799.45,797.78
2507002,Itaporanga,84.1,44.1,1036.07,545.07
2507200,Itatuba,87.9,27.74,277.43,190.44
2507408,Jericó,80.9,12.55,169.91,141.16
2507705,Juazeirinho,114.8,22.69,507.93,373.04
2507804,Junco do Seridó,NA,NA,NA,NA
2508000,Juru,82,39.51,263.65,151.51
2508109,Lagoa,80.3,12.86,83.46,69.09
2508307,Lagoa Seca,84.1,40.62,635.68,358.58
2508406,Lastro,81.8,4.28,52.18,47.45
2508505,Livramento,86.3,13.96,162.25,132.62
2508554,Logradouro,46.9,49.5,73.21,35.12
2508703,Mãe D Água,396.9,4.8,461.24,439.12
2508802,Malta,81.5,51.68,349.31,160.35
2509008,Manaíra,80.3,34.12,355.77,222.67
2509156,Marizópolis,82.5,2.61,3579.63,3472.69
2509206,Massaranduba,85.3,47.83,263.17,130.44
2509370,Mato Grosso,75.8,25.49,38.76,27.95
2509396,Maturéia,50.8,31.96,136.2,88.04
2509404,Mogeiro,100.1,73.57,415.77,104.4
2509503,Montadas,NA,NA,0,0
2509602,Monte Horebe,77.2,12.51,115.88,96.32
2509701,Monteiro,96,17.03,1106.93,872.53
2509909,Natuba,82.4,20.88,136.5,102.59
2510006,Nazarezinho,NA,13.07,104.45,86.26
2510105,Nova Floresta,0,NA,0,0
2510204,Nova Olinda,83.9,52.44,258.32,116.71
2510303,Nova Palmeira,NA,NA,0,0
2510402,Olho D ÁGUA,95.2,48.47,316.5,154.93
2510501,Olivedos,73.2,38.96,110.65,64.16
2510600,Ouro Velho,81,39.62,107.21,61.5
2510659,Parari,88.1,5.43,33.35,29.96
2510709,Passagem,95.1,3.03,76.66,71.68
2510808,Patos,105,35.25,6660.19,4058.52
2510907,Paulista,93.8,73.13,571.69,145.91
2511004,Pedra Branca,537.2,0,700,500
2511103,Pedra Lavrada,85.8,31.04,177.54,116.3
2511301,Piancó,82.2,41.65,666,369.2
2511400,Picuí,82.5,39.16,731.11,422.58
2512002,Pocinhos,NA,73.13,222.95,56.91
2512036,Poço Dantas,76.7,33.53,36.49,23.04
2512077,Poço de José de Moura,72.3,23.96,99.73,73.87
2512101,Pombal,118.8,38.97,2397.49,1371.77
2512200,Prata,82.9,36.01,138.72,84.32
2512309,Princesa Isabel,41.3,24.03,360.4,260.1
2512408,Puxinanã,26.7,11.35,56.15,48.2
2512507,Queimadas,80.3,22.37,1198.69,883.97
2512606,Quixabá,92.6,42.3,55.02,30.16
2512705,Remígio,0,NA,0,0
2512747,Riachão,NA,NA,0,0
2512754,Riachão do Bacamarte,76.9,45.56,120.66,62.4
2512788,Riacho de Santo Antônio,0,NA,0,0
2512804,Riacho dos Cavalos,NA,NA,0,0
2513000,Salgadinho,146.1,10.9,79.21,69.68
2513109,Salgado de São Félix,104.3,54.19,378.37,164.65
2513158,Santa Cecília,NA,NA,NA,NA
2513208,Santa Cruz,78.8,15.14,145.39,118.23
2513307,Santa Helena,83.8,41.97,179.11,98.74
2513356,Santa Inês,151.2,15.79,95,80
2513406,Santa Luzia,95.4,23.71,683.53,490.77
2513505,Santana de Mangueira,87.4,46.76,179.22,90.65
2513604,Santana dos Garrotes,90.8,50.5,283.81,133.46
2513653,Joca Claudino,72,26.32,32.66,23.23
2513802,Santa Teresinha,85.9,45.13,182.19,94.97
2513851,Santo André,NA,NA,NA,NA
2513901,São Bento,90.3,45.48,1822.02,931.23
2513927,São Bentinho,75,54.12,212.05,91.21
2513943,São Domingos do Cariri,92,20.61,76.93,58.02
2513968,São Domingos de Pombal,NA,NA,NA,NA
2513984,São Francisco,70.5,11.44,46.12,39.42
2514008,São João do Cariri,84.6,28.21,162.78,111.02
2514107,São João do Tigre,NA,NA,NA,NA
2514206,São José da Lagoa Tapada,78.1,29.72,144.3,96.34
2514305,São José de Caiana,89.3,21.59,130.87,102.61
2514404,São José de Espinharas,90.3,51.99,147.69,67.36
2514503,São José de Piranhas,85.9,44.08,917.22,487.24
2514552,São José de Princesa,NA,NA,NA,NA
2514602,São José do Bonfim,87.1,27.57,93.38,64.25
2514651,São José do Brejo do Cruz,44.1,25.53,33.3,24.3
2514701,São José do Sabugi,83.4,16.94,129.6,102.26
2514800,São José dos Cordeiros,91.2,26.62,117.9,82.19
2514909,São Mamede,96.3,52.28,548.06,248.45
2515104,São Sebastião de Lagoa de Roça,76.6,32.47,238.24,152.83
2515203,São Sebastião do Umbuzeiro,139.2,19.11,157,127
2515401,Seridó,76.6,39.02,215.66,124.94
2515500,Serra Branca,105.7,14.38,522.62,425.08
2515708,Serra Grande,86.1,24.33,109.21,78.51
2516003,Solânea,49.8,17.08,436.76,348.23
2516102,Soledade,99.7,6.91,527.46,466.46
2516151,Sossêgo,NA,NA,NA,NA
2516201,Sousa,195.3,37.41,0,4380
2516300,Sumé,115.6,27.21,923.47,638.57
2516409,Tacima,16.8,20.5,41.6,31.42
2516508,Taperoá,NA,NA,0,0
2516607,Tavares,91,25.53,472.69,334.39
2516706,Teixeira,63.1,10.51,258.76,219.98
2516755,Tenório,182.7,20,100,80
2516805,Triunfo,0,NA,0,0
2516904,Uiraúna,97.1,33.23,707.82,448.98
2517001,Umbuzeiro,85.6,31.22,70.81,46.27
2517100,Várzea,83.1,29.85,110.48,73.63
2517209,Vieirópolis,102.1,6.68,45.41,41.05
2517407,Zabelê,527,0,300,600
2600104,Afogados da Ingazeira,87.9,52.46,2881.67,1172.33
2600203,Afrânio,78.1,33.84,423.28,273.22
2600302,Agrestina,86.8,29.71,1127.91,731.19
2600500,Águas Belas,44.6,40.68,648.35,329.67
2600609,Alagoinha,0.6,4.55,1.54,1.47
2600807,Altinho,86.3,38.29,968.09,559.04
2601003,Angelim,81.7,34.95,374.21,220.2
2601102,Araripina,75.2,32.48,2200.95,1408.21
2601201,Arcoverde,63,25.75,2312.83,1535.19
2601607,Belém de São Francisco,108.9,34.02,1133.01,588.56
2601706,Belo Jardim,63.4,45.89,3403.41,1743.39
2601805,Betânia,80.9,28.22,262.81,167.06
2601904,Bezerros,83.7,53.17,3722.37,1479.63
2602001,Bodocó,87.2,28.99,773.4,535.44
2602100,Bom Conselho,93.1,28.37,1551.29,1040.66
2602209,Bom Jardim,51.7,47.39,1010.89,468.75
2602407,Brejão,70.1,24.32,135.71,101.96
2602506,Brejinho,4.9,14.66,10.33,8.44
2602605,Brejo da Madre de Deus,57.9,NA,576.06,567.91
2602803,Buíque,55.2,23.7,519.72,323.17
2603009,Cabrobó,93.4,49.58,2188.24,926.46
2603108,Cachoeirinha,76.8,19.39,613.33,480.64
2603207,Caetés,7.9,4.49,19.86,18.91
2603306,Calçado,48.8,13.51,83.47,69.61
2603405,Calumbi,88.6,49.9,191.04,84.06
2603504,Camocim de São Félix,80.9,21.06,490.46,379.79
2603702,Canhotinho,80.8,33.12,696.85,412.81
2603801,Capoeiras,8.8,7.81,25.46,22.79
2603900,Carnaíba,88.8,26.88,532.11,376.24
2603926,Carnaubeira da Penha,118.2,0,138,138
2604106,Caruaru,94.2,41.65,20789.2,11340.92
2604155,Casinhas,67.9,73.91,171.92,40.7
2604304,Cedro,76.9,37.35,431.54,237.4
2604502,Chã Grande,77,36.89,629.24,371.36
2604700,Correntes,79.5,37.79,685.15,353.58
2604908,Cumaru,85.7,60.65,621.31,217.8
2605004,Cupira,102.2,29.86,1331.17,888.29
2605103,Custódia,56.6,35.33,699.39,436.88
2605152,Dormentes,78.7,8.57,252.38,223.51
2605301,Exu,66.2,35.55,696.39,440.92
2605608,Flores,84.2,37.29,708.13,389.19
2605707,Floresta,90,30.12,1335.34,870.79
2605806,Frei Miguelinho,59.7,NA,131.01,124.77
2606002,Garanhuns,97.6,44.75,9989.27,4857.58
2606309,Granito,86.6,30.83,176.58,117.7
2606408,Gravatá,136.3,36.55,6999.81,4056.05
2606507,Iati,NA,NA,NA,NA
2606606,Ibimirim,81.4,38.4,760.35,454.56
2606705,Ibirajuba,75.6,6.88,119.04,107.75
2606903,Iguaraci,65.8,25.15,268.59,193.56
2607000,Inajá,170.6,16.79,989.29,823.14
2607109,Ingazeira,75.9,3.41,61.49,58.56
2607307,Ipubi,72.5,34.3,691.26,441.33
2607406,Itacuruba,100.1,30.72,291.47,172.53
2607505,Itaíba,78.4,41.31,956.18,492.45
2607703,Itapetim,0.2,4.48,0.67,0.64
2608008,Jataúba,0,NA,0,0
2608057,Jatobá,110.6,48.18,1072.23,458.26
2608107,João Alfredo,53.2,47.92,880.95,379.69
2608255,Jucati,9.9,4.48,15.45,14.71
2608305,Jupi,18.6,NA,21.46,20.44
2608404,Jurema,75.1,25.17,460.41,333.99
2608602,Lagoa do Ouro,84.6,12.81,247.34,204.08
2608701,Lagoa dos Gatos,88.4,36.28,557.97,314.08
2608750,Lagoa Grande,78,63.76,1316.32,420.34
2608800,Lajedo,71.4,48.5,2211.57,1006.27
2609154,Manari,60.6,1.16,163.14,155.37
2609303,Mirandiba,76.3,49.82,800.69,347.51
2609709,Orobó,56,49.84,335.27,151.31
2609808,Orocó,83.7,60.76,513.59,168.81
2609907,Ouricuri,100.3,12.22,2079.96,1761.75
2610103,Palmeirina,92.5,45.25,400.93,176.62
2610202,Panelas,66.7,34.71,614.45,391.21
2610301,Paranatama,43,51.42,46.24,22.36
2610400,Parnamirim,89.5,22.34,594.31,392.09
2610509,Passira,61.3,24.85,541.2,386.48
2610806,Pedra,10,28.68,67.4,39.36
2610905,Pesqueira,75.9,29.69,1869.45,1133.6
2611002,Petrolândia,114.4,45.39,2219.7,1052.87
2611101,Petrolina,97.8,44.02,20584.1,10645.52
2611200,Poção,4,4.79,10.24,9.75
2611533,Quixaba,67.7,13.39,104,87.16
2611705,Riacho das Almas,102.4,15.45,579.19,466.41
2612000,Sairé,107.8,8.44,397.04,341.05
2612109,Salgadinho,50.6,81.6,413.53,68.99
2612208,Salgueiro,94.5,39.71,3975.14,2055.45
2612307,Saloá,38.1,6.78,88.78,77.31
2612406,Sanharó,54.1,37.57,673.37,412.66
2612455,Santa Cruz,81,51.2,434.69,191.75
2612471,Santa Cruz da Baixa Verde,77.3,27.43,7.62,5.53
2612505,Santa Cruz do Capibaribe,45,26.76,2020.13,1299.61
2612554,Santa Filomena,73.4,4.03,138.72,132.11
2612604,Santa Maria da Boa Vista,90.9,52.26,1387.92,567.64
2612703,Santa Maria do Cambucá,52.1,24.09,168.22,123.18
2612802,Santa Terezinha,63.8,17.14,242.1,196.91
2613008,São Bento do Una,55.9,48.66,1109.81,550.46
2613107,São Caitano,73.5,26.37,1036.03,744.15
2613206,São João,84.3,13.69,515.87,416.6
2613305,São Joaquim do Monte,87.3,28.23,729.55,504.33
2613503,São José do Belmonte,84.9,37.84,1128.91,616.12
2613602,São José do Egito,57.5,18.97,667.35,513.26
2613909,Serra Talhada,94.8,43.59,5691.98,2853.82
2614006,Serrita,67.7,NA,277.11,263.91
2614105,Sertânia,63.6,18.58,570.7,451.16
2614303,Moreilândia,69.2,38.02,280.33,134.29
2614402,Solidão,53.6,29.43,56.75,39.35
2614501,Surubim,68.4,28.55,2334.91,1534.77
2614600,Tabira,73.8,52.63,1655.44,679.94
2614709,Tacaimbó,75.2,21.45,316.01,242.39
2614808,Tacaratu,83.9,41.9,925.79,463.29
2615003,Taquaritinga do Norte,11.7,NA,38.66,36.82
2615102,Terezinha,62.1,40.95,146.99,79.89
2615201,Terra Nova,75.6,27.13,389.17,264.88
2615409,Toritama,50.8,16.53,823.21,630.06
2615607,Trindade,74.9,24.9,1095.31,797.62
2615706,Triunfo,51.5,12.91,195.24,149.15
2615805,Tupanatinga,69.3,20.33,384.05,292.1
2615904,Tuparetama,48.2,26.22,203.27,143.13
2616001,Venturosa,2.8,NA,9.71,9.25
2616100,Verdejante,74.4,54.42,600.66,251.66
2616183,Vertente do Lério,42.1,9.14,54.3,46.25
2616209,Vertentes,58.3,42.6,564.04,306.95
2700102,Água Branca,91.7,33.67,156.87,442.8
2700300,Arapiraca,102,54.39,258.29,8223.24
2700706,Batalha,80.1,68.96,0,410.03
2700904,Belo Monte,117.1,78.5,0,77.34
2701209,Cacimbinhas,105.3,62.32,0,74.28
2701605,Canapi,97.6,0.58,0,200.69
2701803,Carneiros,98.2,61.59,0,203.9
2702009,Coité do Nóia,84.8,62.51,0,106.92
2702355,Craíbas,99.8,62.8,0,538.11
2702405,Delmiro Gouveia,78.1,67.96,9811.65,3143.78
2702504,Dois Riachos,109.7,64.08,0,152.98
2702553,Estrela de Alagoas,65.7,3.08,188.42,182.61
2702900,Girau do Ponciano,107.3,36.42,0,631.69
2703106,Igaci,88.1,39.68,0,417.02
2703304,Inhapi,89.3,26.08,0,271.52
2703403,Jacaré dos Homens,140.4,82.8,0,212.77
2703700,Jaramataia,65.2,68.04,0,81.65
2704104,Lagoa da Canoa,88.2,21.37,0,424.21
2704401,Major Isidoro,86.6,61,0,310.89
2704609,Maravilha,95,63.07,0,199.1
2705002,Mata Grande,90,10.59,0,323.94
2705309,Minador do Negrão,55.8,8.51,0,37.29
2705408,Monteirópolis,118.2,64.99,0,176.02
2705705,Olho D ÁGUA das Flores,121,66.52,0,793.11
2705804,Olho D ÁGUA do Casado,64.5,22.19,797.07,620.21
2706000,Olivença,107.8,58.45,0,213.04
2706109,Ouro Branco,56.7,64.89,0,105.18
2706208,Palestina,102.5,67.62,0,147.75
2706307,Palmeira dos Índios,116.8,46.16,0,2708.16
2706406,Pão de Açúcar,215.1,2.87,18799.6,18729.24
2706422,Pariconha,101.5,7.28,0,281.53
2707107,Piranhas,86.6,82.11,3480.7,701.05
2707206,Poço das Trincheiras,117.3,70.99,0,133.45
2707602,Quebrangulo,78,31.32,7613.35,5228.93
2708006,Santana do Ipanema,122.3,64.96,0,1518.13
2708402,São José da Tapera,99.7,68.85,0,566.11
2708956,Senador Rui Palmeira,83.1,64.92,0,126.82
2709202,Traipu,56.3,3.16,10224.42,9901.62
2800100,Amparo de São Francisco,101.5,68.26,241.78,76.74
2800209,Aquidabã,93,66.72,1931.58,642.81
2801108,Canhoba,104.5,74.77,607.07,153.17
2801207,Canindé de São Francisco,100.2,77.26,3035.34,690.09
2801405,Carira,88.2,56.04,1379.7,606.53
2801603,Cedro de São João,114,73.23,879.79,235.5
2801900,Cumbe,166,57.73,551.88,233.27
2802205,Feira Nova,106.7,68.97,673.82,209.12
2802304,Frei Paulo,84,53.78,965.79,446.41
2802403,Gararu,96.4,62.58,967.79,362.16
2802601,Gracho Cardoso,119.1,54.68,551.88,250.12
2803104,Itabi,134.7,70.8,832.35,243.03
2803708,Macambira,88.2,47.2,348,183.75
2804201,Monte Alegre de Sergipe,96.6,73.63,1793.61,472.98
2804458,Nossa Senhora Aparecida,121.5,44.06,689.85,385.88
2804508,Nossa Senhora da Glória,114.5,60.93,3725.19,1455.41
2804607,Nossa Senhora das Dores,76.6,59.69,1673.16,674.39
2804706,Nossa Senhora de Lourdes,104.2,75.38,965.79,237.82
2805000,Pedra Mole,97,47.06,206.95,109.55
2805208,Pinhão,82.5,58.87,394.2,162.12
2805406,Poço Redondo,93.1,77.15,2759.4,630.39
2805505,Poço Verde,85,47.83,1201.52,626.89
2805604,Porto da Folha,87.5,73.16,3311.28,888.75
2805703,Propriá,105.8,71.92,3845.98,1079.97
2806008,Ribeirópolis,90,53.94,1155,531.96
2807006,São Miguel do Aleixo,85.3,66.1,275.94,93.55
2807105,Simão Dias,85.2,66.64,2645.46,882.64
2807303,Telha,106.2,77.29,528.65,120.08
2807402,Tobias Barreto,94.2,45.74,2628,1426.02
2900108,Abaíra,NA,NA,NA,NA
2900207,Abaré,97.5,27.29,634.06,439.08
2900355,Adustina,95.1,29.29,0,351.93
2900405,Água Fria,81,33.13,360.8,238.28
2900504,Érico Cardoso,83.4,40,235,141
2901007,Amargosa,90,6.09,1262.72,1068.56
2901155,América Dourada,79.6,37.01,645.83,402.75
2901205,Anagé,97.4,27.85,313.23,225.94
2901304,Andaraí,79.5,31.56,366.71,248.09
2901353,Andorinha,79.7,26.19,0,286.6
2901502,Anguera,65.4,46.53,372.42,195.54
2901601,Antas,78,29.42,438.83,309.39
2901700,Antônio Cardoso,83.9,11.11,174.48,153.92
2901809,Antônio Gonçalves,84.3,17.57,341.67,278.47
2902005,Aracatu,88.3,20.33,244.89,189.96
2902104,Araci,78.3,16.43,952.17,764.85
2902609,Baixa Grande,83.1,38.48,646.74,388.57
2902658,Banzaê,74.1,36.74,238.88,152.84
2902708,Barra,NA,NA,NA,NA
2902807,Barra da Estiva,101.9,14.39,803.85,688.19
2902906,Barra do Choça,91.1,0.02,1100.84,1115.78
2903003,Barra do Mendes,83.1,31.04,501.35,342.27
2903235,Barro Alto,83.3,9.38,216.72,194.44
2903276,Barrocas,78.2,43.81,0,335.61
2903508,Belo Campo,62.8,18.78,0,154.64
2903607,Biritinga,86.6,19.98,733.64,581.51
2903706,Boa Nova,87.9,27.25,403.56,292.66
2903805,Boa Vista do Tupim,76.4,9.04,408.69,358.26
2903904,Bom Jesus da Lapa,86.4,46.5,4080,2183
2903953,Bom Jesus da Serra,77.4,26.76,185.53,135.07
2904001,Boninal,89,12.16,211.66,181.73
2904050,Bonito,70.7,18.64,221.78,180.19
2904100,Boquira,NA,NA,NA,NA
2904209,Botuporã,124,NA,284.22,265.53
2904308,Brejões,70.5,36.02,577.58,354.16
2904407,Brejolândia,96.3,18.37,130.95,103.95
2904506,Brotas de Macaúbas,89.4,4.61,143.5,131.7
2904605,Brumado,106.5,20.21,3330.88,2539
2904753,Buritirama,NA,NA,NA,NA
2904803,Caatiba,64.3,26.64,230.31,168.95
2904852,Cabaceiras do Paraguaçu,79.6,9.96,297.89,255.94
2905008,Caculé,97.5,23.67,927.15,684.27
2905107,Caém,32.6,36.28,58.82,37.47
2905156,Caetanos,68.6,26.49,133.42,97.69
2905206,Caetité,89.1,18.6,1501.34,1220.86
2905305,Cafarnaum,74.5,39.67,536.03,320.18
2905503,Caldeirão Grande,96.4,17.36,432.11,355.85
2905909,Campo Alegre de Lourdes,79.2,40.48,420,250
2906006,Campo Formoso,78.9,26.41,1237.21,859.91
2906204,Canarana,83.5,36.72,900.12,563.91
2906402,Candeal,65.9,50.47,232.47,112.95
2906600,Candiba,98,26.09,530.75,380.93
2906709,Cândido Sales,88.5,16.76,738.26,532.14
2906808,Cansanção,73.9,36.83,1626.22,1004.77
2906824,Canudos,87.5,33.97,535.83,349.47
2906857,Capela do Alto Alegre,134.3,0,449.96,449.1
2906873,Capim Grosso,109.6,11.94,1331.76,1168.91
2906899,Caraíbas,102.7,15.34,151.96,127.95
2907103,Carinhanha,253.7,2.05,1955,1915
2907202,Casa Nova,185.4,13.83,4283.54,3691.12
2907301,Castro Alves,82.2,32.24,1063.96,683.16
2907558,Caturama,85.8,27.87,266.68,176.61
2907608,Central,93.4,32.21,742.63,498.43
2907707,Chorrochó,84,34.41,342.51,224.08
2907806,Cícero Dantas,82.2,3.53,3201.37,2872
2907905,Cipó,97.4,23.27,609.7,467.4
2908101,Cocos,NA,NA,NA,NA
2908408,Conceição do Coité,81.5,48.4,57.01,1626.06
2908705,Condeúba,91,16.45,412.91,303.3
2908804,Contendas do Sincorá,86.4,35.36,147.54,95.37
2909000,Cordeiros,81.5,21.11,211.76,146.87
2909109,Coribe,156.2,45.2,1478,810
2909208,Coronel João Sá,76.7,31.61,452.71,307.35
2909505,Cravolândia,76.6,30.52,134.52,92.56
2909604,Crisópolis,84.4,19.24,354.22,285.93
2909901,Curaçá,73.3,71.88,2864.23,805.43
2910107,Dom Basílio,NA,NA,NA,NA
2910305,Elísio Medrado,91.1,14.39,145.52,124.08
2910404,Encruzilhada,83.9,19.72,242.7,184.21
2910701,Euclides da Cunha,89.6,39.54,1760.48,1507.16
2910750,Fátima,82.5,36.4,785.03,996
2910776,Feira da Mata,NA,NA,NA,NA
2910800,Feira de Santana,83.8,48.55,35389.53,17596.87
2910859,Filadélfia,87.5,24.25,628.18,474.21
2911253,Gavião,84.1,13.08,118.44,102.56
2911303,Gentio do Ouro,95.6,21.51,167.05,131.02
2911402,Glória,92.2,16.39,514.81,492.88
2911659,Guajeru,76.3,32.89,137.27,92.06
2911709,Guanambi,111.7,19.75,4401.56,3434.61
2911857,Heliópolis,78.3,42.28,0,233.29
2911907,Iaçu,84.5,24.17,1101.92,799.62
2912004,Ibiassucê,92.7,20.37,327.99,259.08
2912202,Ibicoara,99.6,3.11,171.31,165.99
2912400,Ibipeba,101.1,25.08,683.46,508.2
2912509,Ibipitanga,74.8,27.59,308.76,221.32
2912608,Ibiquera,69.4,35.98,137.02,84.84
2913002,Ibitiara,77.5,4.23,107.4,102.75
2913101,Ibititá,87.7,36.31,931.9,587.63
2913200,Ibotirama,89.1,26.66,1113.66,790.94
2913309,Ichu,70,43.49,216.84,120.76
2913408,Igaporã,NA,NA,NA,NA
2913507,Iguaí,90,21.32,655.06,512.97
2913705,Inhambupe,91.3,25.73,856.76,766.19
2913804,Ipecaetá,77.6,41.64,433.59,248.44
2914000,Ipirá,88.8,25.69,2012.9,1463.82
2914109,Ipupiara,82,20.54,305.8,290.13
2914208,Irajuba,102.3,3.66,0,160.95
2914307,Iramaia,97.6,23.54,369.52,276.87
2914406,Iraquara,82.8,30.36,348.72,242.59
2914604,Irecê,111.2,22.73,3876.43,2965.38
2914703,Itaberaba,99.5,23.37,3135.17,2346.76
2915007,Itaeté,94.6,4.55,260.41,245.53
2915106,Itagi,86.9,24.16,463.18,350.95
2915353,Itaguaçu da Bahia,85.2,29.09,195.05,136.94
2915809,Itambé,95.6,19.36,841.72,678.46
2916401,Itapetinga,147.7,25.57,5695.08,3972.65
2916500,Itapicuru,83.7,22.54,730.65,564.98
2916708,Itaquara,69.4,28.26,212.63,150.8
2916807,Itarantim,97.6,21.16,729.89,574.28
2916856,Itatim,98.7,18.42,681.88,523.03
2916906,Itiruçu,106.7,8.45,184.46,378.01
2917003,Itiúba,66.2,29.11,560.22,388.98
2917102,Itororó,460.8,0,3105,3105
2917201,Ituaçu,86,35.25,414.62,257.37
2917334,Iuiú,86.8,9.53,224.66,202.47
2917409,Jacaraci,78.8,23.37,157.08,120.3
2917508,Jacobina,93.1,37.04,4138.29,2489.89
2917607,Jaguaquara,77,14.71,1757.96,1482.33
2917706,Jaguarari,88.4,16.5,2004.14,1988.44
2918001,Jequié,94.5,31.24,8200.98,5563.17
2918100,Jeremoabo,92.2,20.3,1280.65,1018.8
2918357,João Dourado,89,30.04,1025.82,710.5
2918407,Juazeiro,288.5,0.34,21432,20993
2918506,Jussara,87.7,30.04,720.96,499.37
2918605,Jussiape,111.9,21.85,201.18,155.15
2918704,Lafaiete Coutinho,90.4,7.91,91.26,82.67
2918753,Lagoa Real,80.8,14.29,148.91,127.38
2919009,Lajedinho,75.7,55.59,158.85,70.37
2919058,Lajedo do Tabocal,71.3,5.04,363.3,344.89
2919108,Lamarão,75.9,51.28,90.49,168.66
2919157,Lapão,92.5,30.06,1296,897.36
2919306,Lençóis,104.5,14.93,400.54,330.43
2919405,Licínio de Almeida,75.6,9.41,144.13,130.13
2919504,Livramento de Nossa Senhora,94.9,37.41,1674.97,990.67
2919603,Macajuba,73.3,43.57,472.15,260.2
2919702,Macarani,182.4,0,988.19,988.19
2919801,Macaúbas,67.5,39.33,1894.3,1148.7
2919900,Macururé,89,31.58,190,130
2919959,Maetinga,91.9,22.98,215.8,145.62
2920007,Maiquinique,100.4,33.02,402.52,269.09
2920106,Mairi,62.4,NA,359.12,433.96
2920205,Malhada,91,11.7,429.98,320.79
2920304,Malhada de Pedras,100.5,25.87,0,138.8
2920403,Manoel Vitorino,80.3,14.87,235.88,200.66
2920502,Maracás,83.3,18.07,564.42,462.29
2920809,Marcionílio Souza,87.3,7.39,264.02,244.12
2921054,Matina,83.6,20.71,191.5,140.28
2921203,Miguel Calmon,85,NA,929.98,929.98
2921302,Milagres,91.4,32.93,545.92,342.69
2921401,Mirangaba,83.6,9.56,111.74,101.06
2921450,Mirante,76.9,23.09,100.86,77.57
2921500,Monte Santo,71.7,37.94,1175.01,713.24
2921609,Morpará,88,28.53,278.58,198.77
2921708,Morro do Chapéu,83.8,14.36,832.02,711.39
2921807,Mortugaba,81,15.81,251.61,211.79
2921906,Mucugê,154,22.69,750.5,580.2
2922052,Mulungu do Morro,86.5,NA,256.53,223.54
2922102,Mundo Novo,60.9,35.49,684.78,714.92
2922250,Muquém de São Francisco,86.3,26.36,121.78,83.65
2922656,Nordestina,69.2,39.18,565.07,336.14
2922706,Nova Canaã,89.3,33.91,369.61,244.12
2922730,Nova Fátima,102.1,NA,311.35,295.65
2922805,Nova Itarana,69.2,42.79,206.75,111.21
2922854,Nova Redenção,73.8,26.69,248.22,175.98
2922904,Nova Soure,85.2,22.59,564.63,436.57
2923035,Novo Horizonte,0,NA,0,0
2923050,Novo Triunfo,54.7,25.18,204.87,149.09
2923100,Olindina,92.6,7.27,555.08,500.43
2923209,Oliveira dos Brejinhos,142.6,0,357,357
2923357,Ourolândia,86.2,18.47,303.52,241.3
2923407,Palmas de Monte Alto,96.7,15.86,509.35,383.6
2923506,Palmeiras,82.5,36.64,248.54,157.34
2923605,Paramirim,98.8,18.55,1065.22,794.05
2923704,Paratinga,NA,NA,NA,NA
2923803,Paripiranga,76.8,42.28,0,556.65
2924009,Paulo Afonso,105.9,35.29,7371.58,4717.13
2924058,Pé de Serra,89.4,NA,293.14,293.14
2924207,Pedro Alexandre,72.6,29.28,0,152.61
2924306,Piatã,NA,NA,NA,NA
2924405,Pilão Arcado,NA,NA,NA,NA
2924504,Pindaí,101.6,27.21,230.29,162.78
2924603,Pindobaçu,NA,NA,NA,NA
2924652,Pintadas,81,NA,201.63,201.5
2924702,Piripá,76.1,27.83,241.31,174.12
2924801,Piritiba,76.8,36.87,749.22,851.4
2924900,Planaltino,68.8,14.97,127.4,105.58
2925006,Planalto,76.7,34.42,803.05,520.91
2925105,Poções,90,19.36,1866.83,1496.42
2925253,Ponto Novo,56.5,46.98,843.28,445.57
2925402,Potiraguá,122.6,26.32,477.62,350.58
2925600,Presidente Dutra,96.5,33.4,784.53,517.29
2925709,Presidente Jânio Quadros,82.1,16.73,210.18,174.91
2925808,Queimadas,96.7,23.78,720.28,543.31
2925907,Quijingue,76.9,30.1,938.19,644.43
2925931,Quixabeira,64.3,36.15,312.29,199.34
2925956,Rafael Jambeiro,86.2,36.92,588.69,352.84
2926004,Remanso,411.5,15.03,3315.22,2793
2926103,Retirolândia,75.7,49.79,0,289.17
2926301,Riachão do Jacuípe,100.2,17.59,1332.78,1076.47
2926400,Riacho de Santana,NA,NA,NA,NA
2926509,Ribeira do Amparo,90,39.68,94.7,57.12
2926608,Ribeira do Pombal,91.5,28.66,1797.48,1289.61
2926657,Ribeirão do Largo,96.3,18.38,17.74,14.3
2926707,Rio de Contas,90.6,36.95,371.8,232.98
2926806,Rio do Antônio,90,23.27,509.29,387.24
2926905,Rio do Pires,87.8,22.93,281.12,204.1
2927101,Rodelas,66.1,28.02,265,190.75
2927200,Ruy Barbosa,85.7,29.37,1135.44,783.67
2927507,Santa Bárbara,72.1,61.98,922.06,338.99
2927606,Santa Brígida,80.1,43.55,0,284.24
2927903,Santa Inês,86.5,25.57,401.43,295.9
2928000,Santaluz,66.1,29.54,1030.65,717.42
2928208,Santana,94.1,19.42,854.01,669.23
2928307,Santanópolis,79.6,54.74,318.12,139.13
2928505,Santa Teresinha,98.2,25.98,394.28,274.4
2928802,Santo Estêvão,82.8,42.75,2247.59,1263.41
2928950,São Domingos,98.6,NA,323.97,323.97
2929057,São Félix do Coribe,142.9,26.32,907.39,668.53
2929255,São Gabriel,92.8,25.3,840.88,621.87
2929370,São José do Jacuípe,85.5,6.63,292.14,272.52
2929701,Sátiro Dias,87.6,13.13,304.1,264.16
2929800,Saúde,65.2,12.84,237.19,206.74
2929909,Seabra,80.2,NA,733.96,733.96
2930006,Sebastião Laranjeiras,234.9,0,920,920
2930105,Senhor do Bonfim,91.3,24.84,3779.41,3125.66
2930154,Serra do Ramalho,NA,NA,NA,NA
2930204,Sento Sé,NA,NA,NA,NA
2930303,Serra Dourada,80.4,30.46,491.59,332.47
2930402,Serra Preta,75.3,49.92,508.23,249.93
2930501,Serrinha,90.4,21.26,7873.65,6633.91
2930600,Serrolândia,90.2,26.69,622.59,511.15
2930758,Sítio do Mato,NA,NA,NA,NA
2930766,Sítio do Quinto,81.3,18.11,301.23,239.67
2930774,Sobradinho,128.2,NA,1125.58,1125.58
2930808,Souto Soares,62.5,19.96,241.16,166.15
2930907,Tabocas do Brejo Velho,126.2,6.43,584.64,541
2931004,Tanhaçu,167.6,38.78,683.57,415.74
2931053,Tanque Novo,78.2,36.18,548.52,321.43
2931103,Tanquinho,80.8,49.28,433.44,212.45
2931301,Tapiramutá,60.2,11.72,335.53,292.19
2931509,Teofilândia,75.2,23.51,1703.91,1292.1
2931806,Tremedal,108.3,22.64,246.74,190.26
2931905,Tucano,88.3,24.05,1248.09,923.94
2932002,Uauá,84.1,38.41,1123.19,1170.67
2932101,Ubaíra,76.5,37.1,448.75,279.55
2932408,Uibaí,97.8,32.48,772.97,516.73
2932457,Umburanas,63.6,15.9,267.23,220.47
2932606,Urandi,NA,NA,NA,NA
2932804,Utinga,82.5,7.86,472.37,428.03
2933000,Valente,77.9,13.35,794.44,652.93
2933059,Várzea da Roça,85.6,14.46,471.81,403.53
2933109,Várzea do Poço,66.4,47.96,295.38,310.1
2933158,Várzea Nova,76.7,21.13,412,324.8
2933307,Vitória da Conquista,90.9,27.62,16241.13,11600.41
2933406,Wagner,79.7,15.45,253.07,213.35
2933604,Xique-Xique,326.8,0,5434.44,5434.44
3101003,Almenara,124.2,22.7,2023.49,1557.75
3101706,Cachoeira de Pajeú,69.5,25.71,151.97,112.9
3102704,Araçuaí,127.7,18.91,1529.03,1234.13
3103405,Bandeira,97.9,44.91,198.57,109.39
3105202,Berilo,54.2,36.61,290.03,183.86
3106507,Berizal,139.9,24.38,179.22,134.84
3106655,Bonito de Minas,132.3,16.88,141.38,116.92
3108255,Águas Vermelhas,107.7,21.47,474.4,370.7
3112703,Capitão Enéas,89.3,26.54,474.04,346.5
3113008,Caraí,69.1,23.07,373.56,287.39
3115474,Catuti,92.2,27.54,120.12,86.61
3116100,Chapada do Norte,30.3,66.69,271.13,90.32
3117009,Comercinho,73.8,26.05,186.54,137.95
3117836,Cônego Marinho,85.6,14.21,69.25,59.11
3119500,Coronel Murta,107.9,18.52,360.07,292.1
3120300,Cristália,110.9,25.53,159.74,118.36
3120870,Curral de Dentro,84.1,15.95,212.29,177.54
3122355,Divisa Alegre,112.1,12.44,276.16,240.59
3122454,Divisópolis,87.9,10.16,259,231.52
3124302,Espinosa,151.7,26.41,1408.06,1030.98
3125606,Felisburgo,100.1,28.57,276.52,197.51
3126505,Francisco Badaró,76,61.3,410.28,158.79
3126703,Francisco Sá,112,0.2,644.75,643.47
3127073,Fruta de Leite,80.9,0.45,101.23,100.77
3127339,Gameleiras,NA,NA,NA,NA
3127800,Grão Mogol,96.3,24.3,321.65,242.53
3129657,Ibiracatu,114.3,16.48,158.35,131.6
3130655,Indaiabira,98.3,18.38,120.9,98.19
3132107,Itacarambi,111.4,18.55,681.5,552.28
3133303,Itaobim,124,13.64,948.44,820.75
3134004,Itinga,89.5,30.02,478.98,335.42
3134707,Jacinto,103.7,18.44,419.39,340.5
3135050,Jaíba,127.9,11.75,996.41,874.92
3135100,Janaúba,125.8,13.52,3357.57,2889.14
3135209,Januária,127.2,23.2,2333.95,1783.43
3135357,Japonvar,124.2,16.39,152.55,126.91
3135456,Jenipapo de Minas,89.9,0,154.28,154.28
3135803,Jequitinhonha,106.5,29.43,1103.12,775
3136009,Joaíma,102.8,14.89,504.18,427.17
3136504,Jordânia,111.1,25.88,391.86,289.01
3136520,José Gonçalves de Minas,81.5,5.63,50.44,47.6
3136579,Josenópolis,72,32.57,121.42,81.87
3136959,Juvenília,106.4,17.23,180.34,148.53
3138658,Lontra,101.5,18.69,242.15,195.92
3139250,Mamonas,NA,NA,NA,NA
3139300,Manga,129.5,13.63,710.54,610.6
3140555,Mata Verde,110.3,16.91,331.59,274.15
3140852,Matias Cardoso,132.8,21.92,331.31,257.38
3141009,Mato Verde,112.7,30.04,568.64,395.83
3141405,Medina,95.4,5.64,585.45,549.81
3142254,Miravânia,143.4,7.83,65.2,59.79
3142700,Montalvânia,124.3,27.88,595.17,427.1
3142908,Monte Azul,131.3,30,856.25,596.37
3143153,Monte Formoso,66.8,40.03,115.47,69.25
3143450,Montezuma,101.2,23.95,154.91,117.23
3144656,Ninheira,132.1,49.74,264.92,132.48
3145059,Nova Porteirinha,166.2,18.55,314.26,254.69
3145307,Novo Cruzeiro,85.6,24.97,570.79,426.66
3145372,Novorizonte,90.3,23.25,177.5,136.23
3146255,Padre Carvalho,85.7,21.37,185.14,145.58
3146305,Padre Paraíso,105.4,38.73,723.62,441.15
3146552,Pai Pedro,139.6,13.78,100.31,86.06
3147956,Patis,112.5,28.64,132.22,93.88
3148707,Pedra Azul,94.5,37.49,1125.29,699.94
3149150,Pedras de Maria da Cruz,95.3,20.47,278.01,219.99
3152170,Ponto dos Volantes,86.5,28.17,264.92,190.28
3152204,Porteirinha,176.8,19.87,1610.89,1284.3
3154507,Riacho dos Machados,104.3,17.75,194.34,159.04
3155603,Rio Pardo de Minas,102.6,22.1,556.15,431.05
3156502,Rubelita,86.9,26.72,221.57,162.37
3156601,Rubim,101.3,4.52,286.81,272.47
3157005,Salinas,111.1,30.21,2286.32,1588.99
3157104,Salto da Divisa,130.6,15.59,325.99,273.8
3157377,Santa Cruz de Salinas,66.9,35.59,77.8,50.11
3158102,Santa Maria do Salto,99.7,32.01,204.58,139.09
3160454,Santo Antônio do Retiro,113.9,13.44,77.84,67.04
3162401,São João da Ponte,106.2,27.46,407.92,294.44
3162450,São João das Missões,153.4,22.22,179.27,138.73
3162708,São João do Paraíso,118.2,17.6,566.43,464.4
3166956,Serranópolis de Minas,130.2,11.01,98.44,87.17
3168002,Taiobeiras,98.5,17.62,1156.21,947.98
3170651,Vargem Grande do Rio Pardo,105.6,17.18,119.12,98.16
3170909,Varzelândia,134,8.75,491.12,445.91
3171030,Verdelândia,112.5,21.96,266.57,207
3171600,Virgem da Lapa,123.1,20.75,496.97,392
